Product,Historical_%,Predicted_2026_Docs
GE (old),0.0,0
GT (old),0.0,0
GTa,66.48451730418944,91
GTe,20.036429872495447,27
GV (new),13.479052823315119,18
GV (old),0.0,0
